,merchantId,merchantCategoryType,merchantBusinessType
0,10311922331,Default,Longtail-Recharge
1,103162942331,Default,Longtail-Recharge
2,103177092331,Default,Longtail-Recharge
3,103181642331,Default,Longtail-Recharge
4,1031169192331,Default,Longtail-Recharge
5,1031216422331,Default,Longtail-Recharge
6,1031238962331,Default,Longtail-Recharge
7,1031240382331,Default,Longtail-Recharge
8,1031276112331,Default,Longtail-Recharge
9,1031318382331,Default,Longtail-Recharge
10,1031396882331,Default,Longtail-Recharge
11,1031400772331,Default,Longtail-Recharge
12,1031418832331,Default,Longtail-Recharge
13,1031457002331,Default,Longtail-Recharge
14,1031530142331,Default,Longtail-Recharge
15,1031546702331,Default,Longtail-Recharge
16,1031595952331,Default,Longtail-Recharge
17,1031610952331,Default,Longtail-Default
18,1031746632331,Default,Longtail-Recharge
19,1031867772331,Default,Longtail-Recharge
20,1031961652331,Default,Longtail-Recharge
21,10311005802331,Default,Longtail-Recharge
22,10311026732331,Default,Longtail-Recharge
23,10311084202331,Default,Longtail-Recharge
24,10311096782331,Default,Longtail-Recharge
25,10311108622331,Default,Longtail-Recharge
26,10311109442331,Default,Longtail-Recharge
27,10311195792331,Default,Compulsive-Society
28,10311210482331,Default,Longtail-Recharge
29,10311303672331,Default,Longtail-Recharge
30,10311395022331,Default,Longtail-Recharge
31,10311406442331,Default,Longtail-Recharge
32,10311421562331,Default,Longtail-Default
33,10311423222331,Default,Longtail-Recharge
34,10311514882331,Default,Longtail-Recharge
35,10311683332331,Default,Longtail-Recharge
36,10311695272331,Default,Longtail-Recharge
37,10311710492331,Default,Longtail-Recharge
38,10311838232331,Default,Longtail-Recharge
39,10311916482331,Default,Longtail-Default
40,10311938932331,Default,Longtail-Recharge
41,10311942282331,Default,Longtail-Recharge
42,10312011202331,Default,Longtail-Recharge
43,10312019682331,Default,Longtail-Recharge
44,10312031672331,Default,Longtail-Recharge
45,10312046932331,Default,Longtail-Recharge
46,10312049922331,Default,Longtail-Recharge
47,10312090672331,Default,Longtail-Recharge
48,10312242922331,Default,Longtail-Recharge
49,10312246582331,Default,Longtail-Recharge
50,10312287252331,Default,Longtail-Recharge
51,10312306612331,Default,Longtail-Recharge
52,10312408102331,Default,Longtail-Recharge
53,10312540132331,Default,Longtail-Default
54,10312651072331,Default,Longtail-Recharge
55,10312665992331,Default,Longtail-Recharge
56,10312785912331,Default,Longtail-Recharge
57,10312787142331,Default,Longtail-Recharge
58,10312890472331,Default,Longtail-Recharge
59,10312980722331,Default,Compulsive-Society
60,10312993192331,Default,Longtail-Recharge
61,10313057592331,Default,Longtail-Recharge
62,10313144542331,Default,Longtail-Recharge
63,10313149042331,Default,Longtail-Recharge
64,10313157692331,Default,Longtail-Recharge
65,10313167702331,Default,Longtail-Recharge
66,10313192752331,Default,Longtail-Recharge
67,10313290372331,Default,Longtail-Recharge
68,10313396462331,Default,Longtail-Recharge
69,10313441952331,Default,Longtail-Recharge
70,10313484822331,Default,Longtail-Recharge
71,10313495282331,Default,Longtail-Recharge
72,10313539762331,Default,Longtail-Recharge
73,10313614432331,Default,Longtail-Recharge
74,10313614562331,Default,Longtail-Recharge
75,10313621112331,Default,Longtail-Recharge
76,10313663082331,Default,Longtail-Default
77,10313694872331,Default,Longtail-Recharge
78,10313800902331,Default,Longtail-Recharge
79,10313844512331,Default,Longtail-Recharge
80,10313849612331,Default,Longtail-Recharge
81,10314010192331,Default,Longtail-Recharge
82,10314026022331,Default,Longtail-Recharge
83,10314036402331,Default,Longtail-Recharge
84,10314059482331,Default,Longtail-Recharge
85,10314077772331,Default,Longtail-Recharge
86,10314150242331,Default,Longtail-Recharge
87,10314159672331,Default,Longtail-Recharge
88,10314243952331,Default,Longtail-Recharge
89,10314395282331,Default,Longtail-Recharge
90,10314430762331,Default,Longtail-Recharge
91,10314546372331,Default,Longtail-Recharge
92,10314630982331,Default,Longtail-Recharge
93,10314694262331,Default,Compulsive-Society
94,10314793202331,Default,Longtail-Recharge
95,10314818222331,Default,Longtail-Recharge
96,10314818772331,Default,Longtail-Recharge
97,10314824122331,Default,Longtail-Recharge
98,10314868952331,Default,Longtail-Recharge
99,10314977892331,Default,Longtail-Recharge
100,10315013452331,Default,Longtail-Recharge
101,10315085672331,Default,Longtail-Recharge
102,10315095872331,Default,Longtail-Recharge
103,10315245672331,Default,Longtail-Recharge
104,10315313172331,Default,Longtail-Default
105,10315589252331,Default,Longtail-Recharge
106,10315640512331,Default,Longtail-Default
107,10315823752331,Default,Longtail-Recharge
108,10315890432331,Default,Longtail-Recharge
109,10315925772331,Default,Longtail-Recharge
110,10315956752331,Default,Longtail-Recharge
111,10315975252331,Default,Longtail-Recharge
112,10316100212331,Default,Compulsive-Govt
113,10316101392331,Default,Longtail-Recharge
114,10316165952331,Default,Longtail-Recharge
115,10316174672331,Default,Longtail-Recharge
116,10316210272331,Default,Longtail-Recharge
117,10316254612331,Default,Longtail-Default
118,10316418332331,Default,Longtail-Recharge
119,10316443072331,Default,Longtail-Recharge
120,10316452092331,Default,Longtail-Recharge
121,10316493072331,Default,Longtail-Recharge
122,10316683212331,Default,Longtail-Recharge
123,10316782852331,Default,Compulsive-Society
124,10316919452331,Default,Longtail-Recharge
125,10316992372331,Default,Longtail-Recharge
126,10317165952331,Default,Longtail-Recharge
127,103146670172331,Default,Longtail-Recharge
128,103146673612331,Default,Longtail-Recharge
129,103146679372331,Default,Longtail-Recharge
130,103146685732331,Default,Longtail-Recharge
131,103146686012331,Default,Longtail-Recharge
132,103146687352331,Default,Longtail-Recharge
133,103146690752331,Default,Longtail-Recharge
134,103146691112331,Default,Longtail-Recharge
135,103146694312331,Default,Longtail-Recharge
136,103146695432331,Default,Longtail-Recharge
137,103146699692331,Default,Compulsive-Society
138,103146708812331,Default,Longtail-Recharge
139,103146709312331,Default,Compulsive-Society
140,103146711532331,Default,Longtail-Recharge
141,103146711752331,Default,Longtail-Recharge
142,103146714532331,Default,Longtail-Recharge
143,103146715812331,Default,Longtail-Recharge
144,103146716652331,Default,Longtail-Recharge
145,103146723072331,Default,Longtail-Recharge
146,103146723732331,Default,Longtail-Recharge
147,103146724472331,Default,Longtail-Recharge
148,103146725112331,Default,Longtail-Recharge
149,103146731252331,Default,Longtail-Recharge
150,103146734652331,Default,Longtail-Recharge
151,103146739152331,Default,Longtail-Recharge
152,103146744292331,Default,Longtail-Recharge
153,103146750932331,Default,Longtail-Recharge
154,103146752392331,Default,Longtail-Recharge
155,103146754692331,Default,Longtail-Recharge
156,103146759732331,Default,Longtail-Recharge
157,103146759992331,Default,Longtail-Recharge
158,103146766092331,Default,Longtail-Recharge
159,103146766532331,Default,Longtail-Recharge
160,103146767092331,Default,Longtail-Recharge
161,103146769792331,Default,Longtail-Recharge
162,103146770392331,Default,Longtail-Recharge
163,103146771552331,Default,Longtail-Recharge
164,103146775552331,Default,Longtail-Recharge
165,103146778452331,Default,Longtail-Recharge
166,103146778752331,Default,Longtail-Default
167,103146778932331,Default,Longtail-Recharge
168,103146783792331,Default,Longtail-Recharge
169,103146805492331,Default,Longtail-Recharge
170,103146808712331,Default,Longtail-Recharge
171,103146809312331,Default,Longtail-Recharge
172,103146809532331,Default,Longtail-Recharge
173,103146815232331,Default,Longtail-Recharge
174,103146824492331,Default,Compulsive-Education
175,103146827892331,Default,Longtail-Recharge
176,103146831152331,Default,Longtail-Recharge
177,103146843832331,Default,Compulsive-Education
178,103146844072331,Default,Compulsive-Education
179,103146844152331,Default,Compulsive-Education
180,103146845492331,Default,Longtail-Recharge
181,103146854092331,Default,Longtail-Default
182,103146856252331,Default,Longtail-Recharge
183,103146858052331,Default,Longtail-Recharge
184,103146885612331,Default,Longtail-Recharge
185,103146891392331,Default,Longtail-Recharge
186,103146893252331,Default,Longtail-Recharge
187,103146901912331,Default,Longtail-Recharge
188,103146911172331,Default,Longtail-Recharge
189,103146914172331,Default,Longtail-Recharge
190,103146915632331,Default,Longtail-Recharge
191,103146919812331,Default,Longtail-Recharge
192,103146923972331,Default,Longtail-Recharge
193,103146925312331,Default,Longtail-Recharge
194,103146931152331,Default,Longtail-Recharge
195,103146934332331,Default,Longtail-Recharge
196,103146936712331,Default,Longtail-Recharge
197,103146939352331,Default,Longtail-Default
198,103146940892331,Default,Longtail-Recharge
199,103146943192331,Default,Longtail-Recharge
200,103146946192331,Default,Longtail-Recharge
201,103146946252331,Default,Longtail-Recharge
202,103146947372331,Default,Longtail-Recharge
203,103146949412331,Default,Longtail-Recharge
204,103146949632331,Default,Longtail-Recharge
205,103146951132331,Default,Longtail-Recharge
206,103147100832331,Default,Longtail-Default
207,103147170232331,Default,Longtail-Recharge
208,103147179332331,Default,Longtail-Recharge
209,103147179412331,Default,Longtail-Recharge
210,103147186092331,Default,Longtail-Recharge
211,103147188492331,Default,Longtail-Recharge
212,103147191772331,Default,Longtail-Default
213,103147191972331,Default,Longtail-Recharge
214,103147199372331,Default,Longtail-Recharge
215,103147199872331,Default,Longtail-Recharge
216,103147204112331,Default,Longtail-Recharge
217,103147210412331,Default,Longtail-Recharge
218,103147210552331,Default,Longtail-Recharge
219,103147218712331,Default,Longtail-Recharge
220,103147219472331,Default,Compulsive-Society
221,103147220852331,Default,Longtail-Recharge
222,103147222352331,Default,Compulsive-Education
223,103147231492331,Default,Longtail-Recharge
224,103147242712331,Default,Longtail-Recharge
225,103147252512331,Default,Longtail-Recharge
226,103147256352331,Default,Longtail-Recharge
227,103147261252331,Default,Longtail-Recharge
228,103147261312331,Default,Compulsive-Society
229,103147262592331,Default,Longtail-Recharge
230,103147262992331,Default,Longtail-Recharge
231,103147274052331,Default,Longtail-Recharge
232,103147274412331,Default,Longtail-Recharge
233,103147274692331,Default,Longtail-Recharge
234,103147278472331,Default,Longtail-Recharge
235,103147282512331,Default,Longtail-Recharge
236,103147288332331,Default,Longtail-Recharge
237,103147288952331,Default,Compulsive-Education
238,103147289352331,Default,Compulsive-Education
239,103147294952331,Default,Longtail-Recharge
240,103147295092331,Default,Compulsive-Education
241,103147295852331,Default,Compulsive-Education
242,103147298432331,Default,Longtail-Recharge
243,103147298632331,Default,Longtail-Recharge
244,103147298732331,Default,Longtail-Recharge
245,103147300852331,Default,Longtail-Recharge
246,103147302932331,Default,Longtail-Recharge
247,103147304952331,Default,Longtail-Recharge
248,103147307432331,Default,Compulsive-Education
249,103147308272331,Default,Longtail-Recharge
250,103147309972331,Default,Longtail-Recharge
251,103147321472331,Default,Longtail-Recharge
252,103147322012331,Default,Longtail-Recharge
253,103147324312331,Default,Longtail-Recharge
254,103147326592331,Default,Longtail-Recharge
255,103147330992331,Default,Longtail-Recharge
256,103147335832331,Default,Longtail-Recharge
257,103147336592331,Default,Longtail-Recharge
258,103147340652331,Default,Longtail-Recharge
259,103147343432331,Default,Longtail-Default
260,103147344992331,Default,Compulsive-Education
261,103147347372331,Default,Longtail-Recharge
262,103147353932331,Default,Compulsive-Education
263,103147356972331,Default,Longtail-Recharge
264,103147358092331,Default,Longtail-Recharge
265,103147359832331,Default,Longtail-Recharge
266,103147361912331,Default,Longtail-Recharge
267,103147365312331,Default,Longtail-Recharge
268,103147366712331,Default,Longtail-Recharge
269,103147373472331,Default,Compulsive-Education
270,103147374392331,Default,Longtail-Recharge
271,103147377152331,Default,Longtail-Recharge
272,103147377892331,Default,Longtail-Recharge
273,103147384232331,Default,Longtail-Recharge
274,103147390632331,Default,Longtail-Recharge
275,103147390852331,Default,Longtail-Recharge
276,103147390952331,Default,Longtail-Recharge
277,103147399672331,Default,Longtail-Recharge
278,103147405752331,Default,Longtail-Recharge
279,103147412972331,Default,Longtail-Recharge
280,103147413712331,Default,Longtail-Recharge
281,103147414932331,Default,Longtail-Recharge
282,103147417792331,Default,Compulsive-Education
283,103147421072331,Default,Longtail-Recharge
284,103147421272331,Default,Longtail-Recharge
285,103147425892331,Default,Longtail-Recharge
286,103147428292331,Default,Longtail-Recharge
287,103147428792331,Default,Longtail-Recharge
288,103147429072331,Default,Longtail-Recharge
289,103147429952331,Default,Longtail-Recharge
290,103147431052331,Default,Compulsive-Education
291,103147431112331,Default,Longtail-Recharge
292,103147432052331,Default,Longtail-Recharge
293,103147436952331,Default,Longtail-Recharge
294,103147437612331,Default,Longtail-Recharge
295,103147439032331,Default,Longtail-Recharge
296,103147440552331,Default,Longtail-Recharge
297,103147442032331,Default,Longtail-Recharge
298,103147444152331,Default,Longtail-Recharge
299,103147446972331,Default,Longtail-Recharge
300,103147450212331,Default,Compulsive-Education
301,103147450652331,Default,Compulsive-Education
302,103147450932331,Default,Longtail-Recharge
303,103147453172331,Default,Longtail-Recharge
304,103147453292331,Default,Longtail-Default
305,103147453632331,Default,Longtail-Recharge
306,103147455392331,Default,Longtail-Recharge
307,103147456112331,Default,Longtail-Default
308,103147456392331,Default,Longtail-Recharge
309,103147458012331,Default,Longtail-Recharge
310,103147458872331,Default,Longtail-Recharge
311,103147460592331,Default,Longtail-Recharge
312,103147462352331,Default,Longtail-Default
313,103147462712331,Default,Longtail-Recharge
314,103147463352331,Default,Longtail-Recharge
315,103147465332331,Default,Longtail-Recharge
316,103147465692331,Default,Longtail-Recharge
317,103147466532331,Default,Longtail-Recharge
318,103147469752331,Default,Longtail-Recharge
319,103147478932331,Default,Wallet-Default
320,103147480212331,Default,Longtail-Recharge
321,103147480512331,Default,Longtail-Recharge
322,103147481312331,Default,Longtail-Default
323,103147486972331,Default,Longtail-Recharge
324,103147494452331,Default,Longtail-Recharge
325,103147494712331,Default,Longtail-Recharge
326,103147495152331,Default,Compulsive-Society
327,103147503732331,Default,Longtail-Recharge
328,103147506492331,Default,Wallet-Default
329,103147512012331,Default,Longtail-Default
330,103147514432331,Default,Compulsive-Education
331,103147515372331,Default,Compulsive-Education
332,103147516472331,Default,Wallet-Default
333,103147518312331,Default,Longtail-Recharge
334,103147527832331,Default,Longtail-Recharge
335,103147531012331,Default,Longtail-Recharge
336,103147531912331,Default,Longtail-Recharge
337,103147536452331,Default,Compulsive-Education
338,103147536952331,Default,Longtail-Recharge
339,103147539112331,Default,Longtail-Recharge
340,103147543612331,Default,Longtail-Recharge
341,103147543692331,Default,Longtail-Recharge
342,103147544512331,Default,Longtail-Recharge
343,103147544652331,Default,Longtail-Default
344,103147545952331,Default,Longtail-Recharge
345,103147546832331,Default,Longtail-Recharge
346,103147550232331,Default,Compulsive-Education
347,103147557592331,Default,Compulsive-Education
348,103147559212331,Default,Longtail-Recharge
349,103147560092331,Default,Longtail-Recharge
350,103147560192331,Default,Longtail-Recharge
351,103147561192331,Default,Longtail-Recharge
352,103147562492331,Default,Longtail-Recharge
353,103147563872331,Default,Compulsive-Education
354,103147566872331,Default,Compulsive-Education
355,103147567252331,Default,Longtail-Recharge
356,103147568372331,Default,Longtail-Recharge
357,103147570052331,Default,Longtail-Recharge
358,103147570632331,Default,Longtail-Recharge
359,103147571732331,Default,Longtail-Recharge
360,103147572452331,Default,Longtail-Recharge
361,103147572572331,Default,Longtail-Recharge
362,103147573292331,Default,Longtail-Recharge
363,103147573392331,Default,Longtail-Recharge
364,103147574652331,Default,Wallet-Default
365,103147582832331,Default,Longtail-Recharge
366,103147583192331,Default,Wallet-Default
367,103147583552331,Default,Longtail-Recharge
368,103147586392331,Default,Longtail-Recharge
369,103147589852331,Default,Wallet-Default
370,103147589872331,Default,Wallet-Default
371,103147590272331,Gifts,Wallet-Default
372,103147590772331,Default,Wallet-Default
373,103147590792331,Default,Wallet-Default
374,103147590832331,Default,Wallet-Default
375,103147590872331,Default,Wallet-Default
376,103147590992331,Recharge,Wallet-Recharge
377,103147593132331,ecommerce,Wallet-Default
378,103147593232331,Default,Compulsive-Others
379,103147593332331,Default,Wallet-Default
380,103147593352331,Default,Wallet-Default
381,103147593512331,ecommerce,Wallet-Default
382,103147593592331,Default,Wallet-Default
383,103147593852331,Default,Wallet-Default
384,103147593932331,ecommerce,Wallet-Default
385,103147593952331,Default,Wallet-Default
386,103147593992331,Default,Wallet-Default
387,103147594032331,Default,Compulsive-Others
388,103147594092331,Default,Wallet-Default
389,103147594172331,Default,Wallet-Default
390,103147594192331,Default,Wallet-Default
391,103147594292331,Default,Wallet-Default
392,103147594312331,Default,Wallet-Default
393,103147594392331,Miscellaneous,Wallet-Default
394,103147594412331,Default,Wallet-Default
395,103147594452331,Default,Wallet-Default
396,103147594572331,Default,Wallet-Default
397,103147594652331,Default,Wallet-Default
398,103147594712331,Default,Wallet-Default
399,103147594772331,Default,Wallet-Default
400,103147594952331,Default,Wallet-Default
401,103147595172331,Default,Wallet-Default
402,103147595392331,Default,Wallet-Default
403,103147595512331,Default,Wallet-Default
404,103147595552331,Default,Wallet-Default
405,103147595632331,Default,Wallet-Default
406,103147595852331,Default,Wallet-Default
407,103147595912331,Default,Wallet-Default
408,103147595932331,Default,Wallet-Default
409,103147595952331,Default,Compulsive-Others
410,103147596012331,Default,Wallet-Default
411,103147596232331,Default,Wallet-Recharge
412,103147596372331,Default,Wallet-Default
413,103147596492331,ecommerce,Wallet-Default
414,103147596632331,Default,Wallet-Default
415,103147596712331,Default,Wallet-Default
416,103147596872331,Default,Wallet-Default
417,103147596932331,Default,Wallet-Default
418,103147597032331,Default,Wallet-Default
419,103147597192331,ecommerce,Wallet-Default
420,103147597272331,Default,Wallet-Default
421,103147597312331,Default,Wallet-Default
422,103147597432331,Default,Wallet-Default
423,103147597532331,Default,Wallet-Default
424,103147598092331,Default,Compulsive-Others
425,103147598172331,Default,Wallet-Default
426,103147598252331,Default,Wallet-Recharge
427,103147598652331,Default,Wallet-Default
428,103147598752331,ecommerce,Wallet-Default
429,103147598892331,Food,Wallet-Default
430,103147599012331,Default,Wallet-Default
431,103147599072331,Default,Wallet-Default
432,103147599112331,Default,Wallet-Default
433,103147599312331,ecommerce,Wallet-Default
434,103147599432331,Default,Wallet-Default
435,103147599592331,Default,Wallet-Default
436,103147599712331,Default,Wallet-Default
437,103147599852331,Default,Wallet-Default
438,103147599972331,Default,Wallet-Default
439,103147600072331,Default,Wallet-Default
440,103147600412331,ecommerce,Wallet-Default
441,103147600472331,Default,Wallet-Default
442,103147600592331,Default,Wallet-Default
443,103147600732331,Default,Wallet-Default
444,103147600772331,Default,Wallet-Default
445,103147601012331,Default,Wallet-Default
446,103147601072331,Default,Compulsive-Others
447,103147601392331,Default,Wallet-Default
448,103147601632331,Default,Wallet-Default
449,103147601672331,Food,Wallet-Default
450,103147601772331,Default,Wallet-Default
451,103147601892331,Default,Wallet-Default
452,103147601912331,Default,Wallet-Default
453,103147601932331,Default,Wallet-Default
454,103147602252331,Default,Wallet-Default
455,103147602372331,Default,Wallet-Default
456,103147602532331,Default,Wallet-Default
457,103147602632331,Default,Wallet-Default
458,103147602652331,Default,Wallet-Default
459,103147602752331,Default,Wallet-Default
460,103147602972331,Default,Wallet-Default
461,103147603032331,Default,Wallet-Default
462,103147603112331,Default,Wallet-Default
463,103147603532331,Default,Wallet-Default
464,103147603572331,Default,Wallet-Default
465,103147603712331,Default,Wallet-Default
466,103147604732331,Default,Wallet-Default
467,103147604852331,Default,Wallet-Default
468,103147604892331,Default,Wallet-Default
469,103147605212331,Default,Wallet-Default
470,103147605332331,Default,Wallet-Default
471,103147605372331,Default,Wallet-Default
472,103147605452331,Default,Wallet-Default
473,103147605832331,Default,Wallet-Default
474,103147606092331,Default,Wallet-Default
475,103147606372331,Default,Wallet-Default
476,103147606452331,Default,Wallet-Default
477,103147606512331,Default,Wallet-Default
478,103147606532331,Default,Wallet-Default
479,103147606912331,Default,Wallet-Default
480,103147607052331,Default,Wallet-Recharge
481,103147607352331,Default,Wallet-Default
482,103147607572331,Default,Wallet-Default
483,103147607832331,Default,Wallet-Default
484,103147607872331,Default,Compulsive-Others
485,103147607932331,Default,Wallet-Default
486,103147608532331,Default,Wallet-Default
487,103147608812331,Default,Wallet-Default
488,103147608992331,Default,Compulsive-Others
489,103147609532331,Default,Wallet-Default
490,103147609812331,Recharge,Wallet-Recharge
491,103147609932331,Default,Wallet-Default
492,103147610032331,Default,Wallet-Default
493,103147610092331,Default,Wallet-Default
494,103147610152331,Default,Wallet-Default
495,103147610172331,Default,Wallet-Default
496,103147610192331,Default,Wallet-Default
497,103147610512331,ecommerce,Wallet-Default
498,103147610812331,Default,Wallet-Default
499,103147610912331,Default,Wallet-Default
500,103147611012331,Default,Wallet-Default
501,103147611332331,Default,Wallet-Default
502,103147611512331,Default,Wallet-Default
503,103147612092331,Default,Wallet-Default
504,103147612352331,Default,Wallet-Default
505,103147612452331,Default,Wallet-Default
506,103147612472331,Default,Wallet-Default
507,103147613032331,Miscellaneous,Wallet-Default
508,103147613112331,Default,Wallet-Default
509,103147613232331,Default,Wallet-Default
510,103147613312331,Default,Wallet-Default
511,103147613392331,Default,Wallet-Default
512,103147613452331,Default,Wallet-Default
513,103147613472331,Default,Wallet-Default
514,103147613552331,Default,Wallet-Default
515,103147614292331,Default,Wallet-Default
516,103147614532331,Default,Wallet-Default
517,103147614972331,Default,Wallet-Default
518,103147615032331,Default,Wallet-Default
519,103147615332331,Recharge,Wallet-Recharge
520,103147615752331,Default,Wallet-Default
521,103147615832331,Entertainment,Wallet-Recharge
522,103147615992331,Default,Wallet-Default
523,103147616092331,Default,Wallet-Default
524,103147616192331,Default,Wallet-Default
525,103147616512331,Travel,Wallet-Default
526,103147616912331,Default,Wallet-Default
527,103147617492331,Default,Longtail-Recharge
528,103147617652331,Default,Longtail-Recharge
529,103147617732331,Default,Wallet-Default
530,103147617952331,ecommerce,Wallet-Default
531,103147618112331,Travel,Wallet-Default
532,103147618292331,Recharge,Wallet-Recharge
533,103147618372331,Recharge,Wallet-Recharge
534,103147618412331,Deals,Wallet-Default
535,103147618572331,Travel,Wallet-Default
536,103147618912331,Entertainment,Wallet-Default
537,103147619052331,Recharge,Wallet-Recharge
538,103147619112331,ecommerce,Wallet-Default
539,103147619132331,Travel,Wallet-Default
540,103147619152331,ecommerce,Wallet-Default
541,103147621892331,Default,Compulsive-Telecom
542,103147621992331,Default,Compulsive-Telecom
543,103147625412331,Default,Longtail-Recharge
544,103147635572331,Default,Longtail-Recharge
545,103147637792331,Default,Compulsive-Society
546,103147641052331,Default,Longtail-Recharge
547,103147642332331,Default,Longtail-Recharge
548,103147644232331,Default,Longtail-Recharge
549,103147644932331,Default,Longtail-Recharge
550,103147653152331,Default,Longtail-Default
551,103147660572331,Default,Longtail-Recharge
552,103147660632331,Default,Longtail-Recharge
553,103147661792331,Default,Longtail-Recharge
554,103147662492331,Default,Longtail-Recharge
555,103147662552331,Entertainment,Wallet-Default
556,103147668912331,Default,Longtail-Recharge
557,103147672572331,Default,Longtail-Recharge
558,103147675072331,Default,Longtail-Recharge
559,103147675132331,Default,Longtail-Recharge
560,103147684312331,Default,Longtail-Default
561,103147686832331,Default,Longtail-Recharge
562,103147691492331,Default,Longtail-Recharge
563,103147697232331,Default,Longtail-Recharge
564,103147698432331,Default,Longtail-Recharge
565,103147699132331,Default,Longtail-Recharge
566,103147715592331,Recharge,Wallet-Recharge
567,103147716652331,Default,Longtail-Recharge
568,103147725192331,Default,Longtail-Recharge
569,103147725632331,Default,Longtail-Recharge
570,103147726172331,Default,Longtail-Recharge
571,103147729992331,Default,Longtail-Recharge
572,103147735412331,,Longtail-Default
573,103147736592331,Default,Longtail-Recharge
574,103147741872331,Default,Longtail-Recharge
575,103147744212331,Default,Compulsive-Education
576,103147752092331,Default,Longtail-Recharge
577,103147758132331,Default,Longtail-Default
578,103147761352331,Default,Longtail-Recharge
579,103147762812331,Default,Compulsive-Education
580,103147765612331,Default,Wallet-Default
581,103147768092331,Default,Compulsive-Education
582,103147771992331,Default,Longtail-Recharge
583,103147775092331,Default,Compulsive-Society
584,103147792252331,Default,Longtail-Recharge
585,103147793052331,Default,Longtail-Recharge
586,103147797292331,Default,Longtail-Recharge
587,103147797572331,Default,Compulsive-Education
588,103147799612331,Default,Longtail-Default
589,103147800372331,ecommerce,Wallet-Default
590,103147800672331,Default,Compulsive-Others
591,103147810772331,Recharge,Wallet-Recharge
592,103147819532331,Default,Longtail-Recharge
593,103147820852331,Default,Longtail-Recharge
594,103147821432331,Default,Compulsive-Society
595,103147832212331,Default,Compulsive-Clubs
596,103147833392331,,Longtail-Default
597,103147845952331,Recharge,Wallet-Default
598,103147846592331,Default,Compulsive-Education
599,103147851132331,Recharge,Wallet-Recharge
600,103147865312331,Default,Longtail-Recharge
601,103147866012331,Default,Longtail-Recharge
602,103147866132331,Default,Longtail-Recharge
603,103147867312331,Default,Compulsive-Education
604,103147873272331,Default,Longtail-Recharge
605,103147889292331,Default,Longtail-Recharge
606,103147889832331,Default,Longtail-Recharge
607,103147898772331,Default,Longtail-Recharge
608,103147899532331,,Longtail-Default
609,103147902552331,ecommerce,Wallet-Default
610,103147904112331,Default,Longtail-Recharge
611,103147910992331,Default,Wallet-Default
612,103147911992331,Food,Wallet-Default
613,103147912792331,Default,Wallet-Default
614,103147915572331,Default,Wallet-Default
615,103147916412331,Default,Wallet-Recharge
616,103147918172331,Default,Wallet-Default
617,103147918192331,Default,Wallet-Default
618,103147921452331,Default,Wallet-Default
619,103147924272331,Food,Wallet-Default
620,103147926512331,Default,Wallet-Default
621,103147928012331,Default,Wallet-Default
622,103147930312331,Default,Wallet-Default
623,103147930912331,ecommerce,Wallet-Default
624,103147931692331,Default,Wallet-Default
625,103147931972331,Default,Wallet-Default
626,103147932792331,Default,Wallet-Default
627,103147932972331,ecommerce,Wallet-Default
628,103147933272331,Default,Wallet-Default
629,103147934212331,Default,Wallet-Default
630,103147936972331,Default,Wallet-Default
631,103147937372331,Default,Wallet-Default
632,103147937652331,Recharge,Wallet-Recharge
633,103147937792331,Default,Wallet-Default
634,103147937832331,Default,Wallet-Default
635,103147937932331,Default,Wallet-Default
636,103147938212331,Default,Wallet-Default
637,103147938972331,Default,Wallet-Default
638,103147939072331,Default,Wallet-Default
639,103147939372331,Default,Wallet-Default
640,103147939752331,Default,Wallet-Default
641,103147941032331,Default,Wallet-Default
642,103147942132331,Default,Longtail-Recharge
643,103147946512331,Default,Longtail-Recharge
644,103147947572331,Default,Longtail-Recharge
645,103147949272331,Default,Compulsive-Education
646,103147950992331,Default,Longtail-Recharge
647,103147951312331,Default,Longtail-Recharge
648,103147951552331,Default,Wallet-Default
649,103147951912331,Default,Longtail-Recharge
650,103147952992331,ecommerce,Wallet-Default
651,103147953572331,Default,Wallet-Default
652,103147954052331,Default,Longtail-Recharge
653,103147956552331,Default,Longtail-Recharge
654,103147960632331,Default,Longtail-Recharge
655,103147961372331,Default,Wallet-Default
656,103147964232331,Default,Longtail-Recharge
657,103147972292331,Default,Longtail-Recharge
658,103147973752331,Default,Longtail-Recharge
659,103147986972331,Default,Longtail-Recharge
660,103147988792331,Default,Longtail-Recharge
661,103147988852331,Default,Longtail-Recharge
662,103147990932331,Default,Longtail-Recharge
663,103147995512331,Default,Longtail-Default
664,103147996752331,Default,Compulsive-Insurance
665,103147996872331,Default,Compulsive-Insurance
666,103147998832331,Default,Longtail-Recharge
667,103148001052331,Default,Longtail-Recharge
668,103148005532331,Default,Longtail-Recharge
669,103148010122331,Default,Longtail-Recharge
670,103148021692331,Default,Wallet-Default
671,103148025882331,Default,Compulsive-Education
672,103148028362331,Default,Longtail-Recharge
673,103148031342331,Default,Longtail-Recharge
674,103148032222331,Default,Longtail-Recharge
675,103148034102331,Default,Longtail-Recharge
676,103148035302331,Default,Compulsive-Education
677,103148036482331,Default,Longtail-Default
678,103148037102331,Default,Longtail-Recharge
679,103148037742331,Default,Longtail-Recharge
680,103148040462331,Default,Longtail-Recharge
681,103148046942331,Default,Longtail-Recharge
682,103148051522331,Default,Longtail-Recharge
683,103148055302331,Default,Longtail-Recharge
684,103148057122331,Default,Longtail-Recharge
685,103148061062331,Default,Compulsive-Society
686,103148066222331,Default,Longtail-Recharge
687,103148066262331,Default,Longtail-Recharge
688,103148068962331,Default,Longtail-Recharge
689,103148069262331,Default,Longtail-Recharge
690,103148069842331,Default,Longtail-Recharge
691,103148070482331,Default,Longtail-Recharge
692,103148074742331,Default,Longtail-Recharge
693,103148077902331,Default,Longtail-Recharge
694,103148078242331,Default,Longtail-Recharge
695,103148078682331,Default,Longtail-Recharge
696,103148082742331,Default,Longtail-Recharge
697,103148089902331,Default,Longtail-Recharge
698,103148090322331,Default,Longtail-Recharge
699,103148091242331,Default,Longtail-Recharge
700,103148095422331,Default,Longtail-Recharge
701,103148099082331,Default,Longtail-Recharge
702,103148100222331,Default,Longtail-Default
703,103148101262331,Default,Longtail-Recharge
704,103148103182331,Default,Wallet-Default
705,103148103342331,Default,Wallet-Default
706,103148105762331,Default,Longtail-Recharge
707,103148106602331,Default,Longtail-Recharge
708,103148107602331,Default,Longtail-Recharge
709,103148107782331,Default,Longtail-Recharge
710,103148109282331,Default,Longtail-Recharge
711,103148114342331,Default,Longtail-Recharge
712,103148115442331,Default,Compulsive-Clubs
713,103148117502331,Default,Longtail-Recharge
714,103148118282331,Default,Longtail-Recharge
715,103148118322331,Default,Wallet-Default
716,103148121242331,Default,Longtail-Recharge
717,103148128742331,Default,Longtail-Recharge
718,103148137382331,Default,Longtail-Recharge
719,103148138082331,Default,Compulsive-Education
720,103148138402331,Default,Longtail-Recharge
721,103148140542331,Default,Longtail-Recharge
722,103148141122331,Default,Compulsive-Education
723,103148143062331,Default,Longtail-Recharge
724,103148146962331,Default,Longtail-Recharge
725,103148149222331,Default,Longtail-Recharge
726,103148149562331,Default,Longtail-Recharge
727,103148150442331,Default,Longtail-Recharge
728,103148150762331,Default,Longtail-Recharge
729,103148150962331,Default,Longtail-Recharge
730,103148151702331,Default,Longtail-Recharge
731,103148152342331,Default,Longtail-Recharge
732,103148155842331,Default,Wallet-Default
733,103148156482331,Default,Longtail-Recharge
734,103148159642331,Default,Longtail-Recharge
735,103148162522331,Default,Longtail-Default
736,103148164282331,Default,Compulsive-Education
737,103148166442331,Default,Longtail-Recharge
738,103148167862331,Default,Longtail-Recharge
739,103148169042331,Default,Longtail-Recharge
740,103148171622331,Default,Longtail-Recharge
741,103148173462331,Default,Longtail-Recharge
742,103148173762331,Default,Longtail-Recharge
743,103148176262331,Default,Longtail-Recharge
744,103148180702331,Default,Compulsive-Clubs
745,103148180802331,Default,Compulsive-Society
746,103148182142331,Default,Longtail-Recharge
747,103148183422331,Default,Wallet-Default
748,103148183622331,Default,Wallet-Default
749,103148185982331,Default,Compulsive-Others
750,103148186102331,Default,Longtail-Recharge
751,103148187362331,Default,Compulsive-Society
752,103148192242331,Default,Wallet-Default
753,103148195762331,Default,Compulsive-Others
754,103148196002331,Default,Compulsive-Education
755,103148199322331,Default,Wallet-Default
756,103148200362331,Default,Wallet-Default
757,103148200782331,Default,Wallet-Default
758,103148205622331,Default,Longtail-Recharge
759,103148208542331,Default,Longtail-Recharge
760,103148214202331,Default,Longtail-Recharge
761,103148215102331,Recharge,Wallet-Recharge
762,103148221322331,Default,Longtail-Recharge
763,103148224922331,Default,Longtail-Recharge
764,103148229462331,Default,Compulsive-Education
765,103148230122331,Default,Longtail-Recharge
766,103148236362331,Default,Wallet-Default
767,103148236442331,Default,Longtail-Recharge
768,103148240282331,Default,Longtail-Recharge
769,103148242022331,Default,Longtail-Recharge
770,103148247382331,Electricity bill,Compulsive-Govt
771,103148248942331,Default,Longtail-Recharge
772,103148251962331,Default,Longtail-Recharge
773,103148253782331,Default,Longtail-Recharge
774,103148255202331,Default,Longtail-Recharge
775,103148255982331,Default,Longtail-Recharge
776,103148258262331,Default,Longtail-Recharge
777,103148259922331,Default,Longtail-Default
778,103148265822331,Default,Longtail-Recharge
779,103148266022331,Default,Longtail-Recharge
780,103148266062331,Default,Longtail-Recharge
781,103148266162331,Default,Longtail-Recharge
782,103148266482331,Default,Longtail-Recharge
783,103148267842331,Default,Longtail-Recharge
784,103148272962331,Default,Longtail-Recharge
785,103148277002331,Default,Longtail-Recharge
786,103148285902331,Default,Longtail-Recharge
787,103148290982331,Default,Longtail-Recharge
788,103148292022331,Default,Longtail-Recharge
789,103148298862331,Default,Longtail-Recharge
790,103148299522331,Default,Longtail-Recharge
791,103148300922331,Default,Longtail-Recharge
792,103148302682331,Default,Longtail-Recharge
793,103148302842331,Default,Longtail-Default
794,103148304542331,Default,Longtail-Recharge
795,103148305962331,Default,Longtail-Recharge
796,103148308102331,Default,Longtail-Recharge
797,103148315122331,Default,Longtail-Recharge
798,103148316642331,Default,Longtail-Recharge
799,103148316902331,Default,Longtail-Recharge
800,103148318062331,Default,Compulsive-Education
801,103148318082331,Default,Compulsive-Education
802,103148318362331,Default,Compulsive-Education
803,103148319182331,Default,Wallet-Default
804,103148321902331,Default,Longtail-Recharge
805,103148335162331,Default,Longtail-Recharge
806,103148337742331,Default,Longtail-Recharge
807,103148340082331,Default,Longtail-Recharge
808,103148344122331,Default,Longtail-Recharge
809,103148344662331,Default,Longtail-Recharge
810,103148344882331,Default,Longtail-Recharge
811,103148345622331,Default,Longtail-Recharge
812,103148346402331,Default,Longtail-Recharge
813,103148346522331,Default,Longtail-Recharge
814,103148346802331,Default,Longtail-Recharge
815,103148352362331,Default,Longtail-Recharge
816,103148354802331,Default,Longtail-Recharge
817,103148359562331,Default,Compulsive-Govt
818,103148360982331,Default,Longtail-Recharge
819,103148361042331,Default,Longtail-Recharge
820,103148362082331,Default,Longtail-Recharge
821,103148364222331,Default,Longtail-Recharge
822,103148365862331,Default,Compulsive-Education
823,103148373422331,Default,Longtail-Recharge
824,103148374602331,Default,Longtail-Default
825,103148375302331,Default,Longtail-Default
826,103148376402331,Default,Longtail-Recharge
827,103148378262331,Default,Compulsive-Society
828,103148380342331,Default,Longtail-Recharge
829,103148382642331,Default,Longtail-Recharge
830,103148383182331,Default,Longtail-Recharge
831,103148385662331,Default,Longtail-Recharge
832,103148387122331,Default,Longtail-Recharge
833,103148393702331,Default,Longtail-Recharge
834,103148394082331,Default,Longtail-Recharge
835,103148397562331,Default,Longtail-Recharge
836,103148399322331,Electricity bill,Compulsive-Govt
837,103148407762331,Default,Longtail-Recharge
838,103148413022331,Default,Longtail-Recharge
839,103148413962331,Default,Longtail-Recharge
840,103148414542331,Default,Longtail-Recharge
841,103148415542331,Default,Longtail-Recharge
842,103148422222331,Default,Longtail-Recharge
843,103148428362331,Default,Longtail-Recharge
844,103148433782331,Default,Longtail-Recharge
845,103148435902331,Default,Longtail-Recharge
846,103148436382331,Default,Longtail-Recharge
847,103148436562331,Default,Longtail-Recharge
848,103148442042331,Default,Longtail-Recharge
849,103148444342331,Default,Compulsive-Education
850,103148447002331,Default,Longtail-Recharge
851,103148454222331,Default,Wallet-Default
852,103148454322331,Default,Longtail-Recharge
853,103148454382331,Default,Wallet-Default
854,103148457322331,Default,Longtail-Recharge
855,103148459542331,Default,Longtail-Recharge
856,103148460102331,Default,Longtail-Recharge
857,103148466462331,Default,Compulsive-Education
858,103148466882331,Default,Compulsive-Education
859,103148466962331,Default,Longtail-Recharge
860,103148467382331,Default,Longtail-Recharge
861,103148467622331,Default,Longtail-Recharge
862,103148469282331,Default,Longtail-Recharge
863,103148469362331,Default,Longtail-Recharge
864,103148469922331,Default,Longtail-Recharge
865,103148472062331,Default,Longtail-Recharge
866,103148472142331,Default,Longtail-Recharge
867,103148473822331,Default,Longtail-Default
868,103148475082331,Default,Wallet-Default
869,103148475162331,Default,Longtail-Recharge
870,103148477842331,Default,Longtail-Recharge
871,103148480202331,Default,Longtail-Recharge
872,103148480682331,Default,Longtail-Recharge
873,103148480842331,Default,Compulsive-Education
874,103148481362331,Default,Longtail-Recharge
875,103148481502331,Default,Longtail-Recharge
876,103148483782331,Default,Longtail-Recharge
877,103148486282331,Default,Longtail-Recharge
878,103148488902331,Default,Longtail-Recharge
879,103148489222331,Default,Compulsive-Society
880,103148490022331,Default,Longtail-Default
881,103148494622331,Default,Longtail-Recharge
882,103148495082331,Default,Longtail-Default
883,103148498322331,Default,Wallet-Default
884,103148498662331,Default,Longtail-Recharge
885,103148507942331,Default,Longtail-Recharge
886,103148508082331,Default,Longtail-Recharge
887,103148509042331,Default,Longtail-Recharge
888,103148510142331,Default,Compulsive-Education
889,103148510542331,Default,Longtail-Recharge
890,103148511202331,Default,Compulsive-Education
891,103148511442331,Default,Longtail-Recharge
892,103148511902331,Default,Longtail-Recharge
893,103148512802331,Default,Longtail-Recharge
894,103148515602331,Default,Longtail-Recharge
895,103148516022331,Default,Longtail-Recharge
896,103148516302331,Default,Longtail-Recharge
897,103148517022331,Default,Longtail-Recharge
898,103148518542331,Default,Longtail-Recharge
899,103148520022331,Default,Longtail-Recharge
900,103148521762331,Default,Longtail-Recharge
901,103148522102331,Default,Longtail-Recharge
902,103148525642331,Default,Wallet-Default
903,103148533962331,Default,Longtail-Recharge
904,103148534822331,Default,Longtail-Recharge
905,103148535962331,Default,Compulsive-Education
906,103148537882331,Default,Longtail-Recharge
907,103148538062331,Default,Longtail-Recharge
908,103148540982331,Default,Longtail-Default
909,103148542882331,Default,Longtail-Recharge
910,103148544522331,Default,Longtail-Recharge
911,103148545182331,Default,Longtail-Recharge
912,103148545862331,Default,Longtail-Recharge
913,103148547702331,Default,Compulsive-Education
914,103148548542331,Default,Compulsive-Education
915,103148548762331,Default,Longtail-Recharge
916,103148549482331,Default,Longtail-Recharge
917,103148550322331,Default,Compulsive-Education
918,103148550742331,Default,Longtail-Recharge
919,103148551042331,Default,Longtail-Recharge
920,103148553662331,Default,Wallet-Default
921,103148558442331,Default,Wallet-Default
922,103148559162331,Default,Wallet-Default
923,103148559562331,Default,Longtail-Recharge
924,103148559902331,Default,Longtail-Default
925,103148565962331,Default,Longtail-Recharge
926,103148566202331,Default,Longtail-Recharge
927,103148567962331,Default,Longtail-Recharge
928,103148568422331,Default,Longtail-Recharge
929,103148572242331,Default,Longtail-Recharge
930,103148573742331,Default,Longtail-Recharge
931,103148576662331,Default,Longtail-Recharge
932,103148578362331,Default,Longtail-Recharge
933,103148578962331,Default,Longtail-Recharge
934,103148580302331,Default,Longtail-Recharge
935,103148582402331,Default,Longtail-Recharge
936,103148582902331,Default,Wallet-Default
937,103148583662331,Default,Longtail-Recharge
938,103148586802331,Default,Longtail-Recharge
939,103148589142331,Default,Longtail-Recharge
940,103148592682331,Default,Longtail-Default
941,103148593362331,Default,Longtail-Recharge
942,103148593542331,Default,Longtail-Recharge
943,103148594362331,Default,Longtail-Recharge
944,103148596762331,Default,Wallet-Default
945,103148596922331,Default,Longtail-Recharge
946,103148597722331,Default,Longtail-Recharge
947,103148599342331,Default,Longtail-Recharge
948,103148600302331,Default,Longtail-Recharge
949,103148601802331,Default,Longtail-Recharge
950,103148602782331,Default,Longtail-Recharge
951,103148602842331,Default,Wallet-Default
952,103148603762331,Default,Longtail-Recharge
953,103148606642331,Default,Longtail-Recharge
954,103148607262331,Default,Longtail-Recharge
955,103148607942331,Default,Longtail-Recharge
956,103148608882331,Default,Wallet-Default
957,103148610022331,Default,Longtail-Recharge
958,103148611282331,Default,Longtail-Recharge
959,103148611942331,Default,Longtail-Recharge
960,103148611962331,Default,Longtail-Recharge
961,103148612742331,Default,Longtail-Recharge
962,103148613482331,Default,Longtail-Recharge
963,103148613782331,Default,Longtail-Recharge
964,103148616202331,Default,Wallet-Default
965,103148617362331,Default,Wallet-Default
966,103148620022331,Default,Longtail-Recharge
967,103148621362331,Default,Longtail-Default
968,103148621662331,Default,Compulsive-Education
969,103148623122331,Default,Longtail-Recharge
970,103148623202331,Default,Longtail-Recharge
971,103148623902331,Default,Longtail-Recharge
972,103148627262331,Default,Compulsive-Education
973,103148627422331,Default,Longtail-Recharge
974,103148628542331,Default,Longtail-Recharge
975,103148634022331,Default,Longtail-Recharge
976,103148635062331,Default,Longtail-Recharge
977,103148636422331,Default,Longtail-Recharge
978,103148637682331,Default,Longtail-Recharge
979,103148637882331,Default,Longtail-Recharge
980,103148642202331,Default,Longtail-Recharge
981,103148643322331,Default,Longtail-Recharge
982,103148643982331,Default,Wallet-Default
983,103148644602331,Default,Longtail-Recharge
984,103148645502331,Default,Longtail-Recharge
985,103148646262331,Default,Longtail-Recharge
986,103148646502331,Default,Longtail-Recharge
987,103148647222331,Default,Longtail-Recharge
988,103148648242331,Default,Longtail-Recharge
989,103148648262331,Default,Longtail-Recharge
990,103148648282331,Default,Longtail-Recharge
991,103148648962331,Default,Longtail-Recharge
992,103148651422331,Default,Longtail-Recharge
993,103148651722331,Default,Longtail-Recharge
994,103148652442331,Default,Longtail-Recharge
995,103148653022331,Default,Longtail-Recharge
996,103148653742331,Default,Longtail-Recharge
997,103148656002331,Default,Longtail-Recharge
998,103148656502331,Default,Longtail-Recharge
999,103148657942331,Default,Longtail-Recharge
1000,103148658362331,Default,Longtail-Recharge
1001,103148659342331,Default,Longtail-Recharge
1002,103148660042331,Default,Longtail-Default
1003,103148661282331,Default,Longtail-Recharge
1004,103148663022331,Default,Longtail-Recharge
1005,103148663182331,Default,Longtail-Recharge
1006,103148663722331,Default,Longtail-Recharge
1007,103148664282331,Default,Longtail-Recharge
1008,103148664782331,Default,Longtail-Recharge
1009,103148664902331,Default,Longtail-Recharge
1010,103148665982331,Default,Longtail-Recharge
1011,103148667282331,Default,Longtail-Recharge
1012,103148671422331,Default,Longtail-Recharge
1013,103148672862331,Default,Longtail-Recharge
1014,103148674402331,Default,Longtail-Recharge
1015,103148674602331,Default,Longtail-Recharge
1016,103148675002331,Default,Longtail-Recharge
1017,103148677422331,Default,Longtail-Recharge
1018,103148678482331,Default,Longtail-Recharge
1019,103148679382331,Default,Longtail-Recharge
1020,103148680302331,Default,Longtail-Recharge
1021,103148682482331,Default,Wallet-Default
1022,103148682822331,Default,Longtail-Recharge
1023,103148683162331,Default,Longtail-Recharge
1024,103148683382331,Default,Longtail-Recharge
1025,103148683442331,Default,Longtail-Recharge
1026,103148684562331,Default,Longtail-Recharge
1027,103148685022331,Default,Longtail-Recharge
1028,103148685482331,Default,Compulsive-Education
1029,103148686182331,Default,Wallet-Default
1030,103148687342331,Default,Compulsive-Education
1031,103148687742331,Default,Longtail-Recharge
1032,103148687782331,Default,Longtail-Recharge
1033,103148687822331,Default,Longtail-Recharge
1034,103148688022331,Default,Longtail-Recharge
1035,103148688562331,Default,Longtail-Recharge
1036,103148688782331,Recharge,Wallet-Recharge
1037,103148688962331,Default,Longtail-Recharge
1038,103148689622331,Default,Longtail-Recharge
1039,103148692622331,Default,Longtail-Recharge
1040,103148692642331,Default,Wallet-Default
1041,103148694182331,Default,Longtail-Recharge
1042,103148694722331,Default,Longtail-Recharge
1043,103148696062331,Default,Longtail-Recharge
1044,103148696282331,Default,Longtail-Recharge
1045,103148697302331,Default,Longtail-Recharge
1046,103148697822331,Default,Longtail-Recharge
1047,103148700042331,Default,Longtail-Recharge
1048,103148701382331,Default,Compulsive-Education
1049,103148701942331,ecommerce,Wallet-Default
1050,103148702582331,Default,Wallet-Default
1051,103148703242331,Default,Longtail-Recharge
1052,103148703962331,Default,Longtail-Default
1053,103148705942331,Default,Longtail-Recharge
1054,103148706742331,Default,Longtail-Recharge
1055,103148707662331,Default,Longtail-Recharge
1056,103148712382331,Default,Wallet-Default
1057,103148713222331,Default,Longtail-Recharge
1058,103148713922331,Default,Longtail-Recharge
1059,103148714662331,Default,Longtail-Recharge
1060,103148714842331,Default,Longtail-Recharge
1061,103148715222331,Default,Longtail-Recharge
1062,103148715662331,Default,Longtail-Recharge
1063,103148715882331,Default,Longtail-Recharge
1064,103148716702331,Default,Longtail-Recharge
1065,103148716722331,Default,Longtail-Recharge
1066,103148716782331,Default,Longtail-Recharge
1067,103148716902331,,Longtail-Default
1068,103148717062331,Default,Longtail-Recharge
1069,103148717302331,Default,Longtail-Recharge
1070,103148717442331,Default,Longtail-Recharge
1071,103148717522331,Default,Longtail-Recharge
1072,103148717542331,Default,Longtail-Recharge
1073,103148717602331,Default,Longtail-Recharge
1074,103148717702331,Default,Longtail-Recharge
1075,103148717722331,Default,Longtail-Recharge
1076,103148717742331,Default,Longtail-Recharge
1077,103148717782331,Default,Longtail-Recharge
1078,103148717942331,Default,Longtail-Recharge
1079,103148717962331,Default,Longtail-Recharge
1080,103148717982331,Default,Longtail-Recharge
1081,103148718102331,Default,Longtail-Recharge
1082,103148718142331,Default,Longtail-Recharge
1083,103148718302331,Default,Longtail-Default
1084,103148718422331,Default,Longtail-Recharge
1085,103148718482331,Default,Longtail-Recharge
1086,103148718642331,Default,Longtail-Recharge
1087,103148718722331,Default,Longtail-Recharge
1088,103148718782331,Default,Longtail-Recharge
1089,103148718862331,Default,Longtail-Recharge
1090,103148718922331,Default,Longtail-Recharge
1091,103148719002331,Default,Longtail-Recharge
1092,103148719022331,Default,Longtail-Recharge
1093,103148719362331,Default,Longtail-Recharge
1094,103148719402331,Default,Longtail-Default
1095,103148719422331,Default,Longtail-Recharge
1096,103148719502331,Default,Longtail-Recharge
1097,103148719682331,Default,Longtail-Recharge
1098,103148719862331,Default,Longtail-Recharge
1099,103148719882331,Default,Longtail-Recharge
1100,103148719942331,Default,Longtail-Recharge
1101,103148719982331,Default,Longtail-Recharge
1102,103148720142331,Default,Longtail-Recharge
1103,103148720222331,Default,Longtail-Recharge
1104,103148720262331,Default,Longtail-Recharge
1105,103148720342331,Default,Longtail-Recharge
1106,103148720422331,Default,Longtail-Recharge
1107,103148720442331,Default,Longtail-Recharge
1108,103148720462331,Default,Longtail-Recharge
1109,103148720482331,Default,Longtail-Recharge
1110,103148720502331,Default,Longtail-Recharge
1111,103148720522331,Default,Longtail-Recharge
1112,103148720542331,Default,Longtail-Recharge
1113,103148720562331,Default,Longtail-Recharge
1114,103148720582331,Default,Longtail-Recharge
1115,103148720662331,Default,Longtail-Recharge
1116,103148720702331,Default,Longtail-Recharge
1117,103148720722331,Default,Longtail-Recharge
1118,103148720782331,Default,Longtail-Recharge
1119,103148720842331,Default,Longtail-Recharge
1120,103148720862331,Default,Longtail-Recharge
1121,103148721222331,Default,Longtail-Recharge
1122,103148721242331,Default,Longtail-Recharge
1123,103148721342331,Default,Longtail-Recharge
1124,103148721382331,Default,Longtail-Recharge
1125,103148721442331,Default,Longtail-Recharge
1126,103148721502331,Default,Longtail-Recharge
1127,103148721522331,Default,Longtail-Recharge
1128,103148721562331,Default,Longtail-Recharge
1129,103148721602331,Default,Longtail-Recharge
1130,103148721622331,Default,Longtail-Recharge
1131,103148721722331,Default,Longtail-Recharge
1132,103148721962331,Default,Longtail-Recharge
1133,103148722162331,Default,Longtail-Recharge
1134,103148722222331,Default,Longtail-Recharge
1135,103148722302331,Default,Longtail-Recharge
1136,103148722322331,Default,Longtail-Recharge
1137,103148722362331,Default,Longtail-Recharge
1138,103148722642331,Default,Longtail-Recharge
1139,103148722862331,Default,Longtail-Recharge
1140,103148723082331,Default,Longtail-Recharge
1141,103148723302331,Default,Longtail-Recharge
1142,103148723442331,Default,Longtail-Recharge
1143,103148723542331,Default,Longtail-Recharge
1144,103148723602331,Default,Longtail-Recharge
1145,103148723802331,Default,Longtail-Recharge
1146,103148724042331,Default,Longtail-Recharge
1147,103148724082331,Default,Longtail-Recharge
1148,103148724282331,Default,Longtail-Recharge
1149,103148724302331,Default,Longtail-Recharge
1150,103148724442331,Default,Longtail-Recharge
1151,103148724482331,Default,Longtail-Recharge
1152,103148724662331,Default,Longtail-Recharge
1153,103148724742331,Default,Longtail-Recharge
1154,103148724782331,Default,Longtail-Recharge
1155,103148724862331,Default,Longtail-Recharge
1156,103148724882331,Default,Longtail-Recharge
1157,103148725042331,Default,Longtail-Recharge
1158,103148725182331,Default,Longtail-Recharge
1159,103148725502331,Default,Longtail-Recharge
1160,103148726042331,Default,Longtail-Recharge
1161,103148726142331,Default,Longtail-Recharge
1162,103148726322331,Default,Longtail-Recharge
1163,103148726422331,Default,Longtail-Recharge
1164,103148726462331,Default,Longtail-Recharge
1165,103148726482331,Default,Longtail-Recharge
1166,103148726522331,Default,Longtail-Recharge
1167,103148726642331,Default,Longtail-Recharge
1168,103148726882331,Default,Longtail-Recharge
1169,103148726962331,Default,Longtail-Recharge
1170,103148727022331,Default,Longtail-Recharge
1171,103148727162331,Default,Longtail-Recharge
1172,103148727182331,Default,Longtail-Recharge
1173,103148727562331,Default,Longtail-Recharge
1174,103148727582331,Default,Longtail-Default
1175,103148727762331,Default,Longtail-Recharge
1176,103148727782331,Default,Longtail-Recharge
1177,103148728002331,Default,Longtail-Recharge
1178,103148728042331,Default,Longtail-Recharge
1179,103148728102331,Default,Longtail-Recharge
1180,103148728282331,Default,Longtail-Recharge
1181,103148728322331,Default,Longtail-Recharge
1182,103148728382331,Default,Longtail-Recharge
1183,103148728402331,Default,Longtail-Recharge
1184,103148728422331,Default,Longtail-Recharge
1185,103148728562331,Default,Longtail-Recharge
1186,103148729022331,Default,Longtail-Recharge
1187,103148729242331,Default,Longtail-Recharge
1188,103148729302331,Default,Longtail-Recharge
1189,103148729382331,Default,Longtail-Recharge
1190,103148729482331,Default,Longtail-Recharge
1191,103148729822331,Default,Longtail-Recharge
1192,103148729862331,Default,Longtail-Recharge
1193,103148730042331,Default,Longtail-Recharge
1194,103148730082331,Default,Longtail-Recharge
1195,103148730162331,Default,Longtail-Recharge
1196,103148730202331,Default,Longtail-Recharge
1197,103148730222331,Default,Longtail-Recharge
1198,103148730322331,Default,Longtail-Recharge
1199,103148730442331,Default,Longtail-Recharge
1200,103148730522331,Default,Longtail-Recharge
1201,103148730542331,Default,Longtail-Recharge
1202,103148730562331,Default,Longtail-Recharge
1203,103148730642331,Default,Longtail-Recharge
1204,103148730722331,Default,Longtail-Recharge
1205,103148730742331,Default,Longtail-Recharge
1206,103148730762331,Default,Longtail-Recharge
1207,103148730982331,Default,Longtail-Recharge
1208,103148731002331,Default,Longtail-Recharge
1209,103148731102331,Default,Longtail-Recharge
1210,103148731182331,Default,Longtail-Recharge
1211,103148731282331,Default,Longtail-Recharge
1212,103148731342331,Default,Longtail-Recharge
1213,103148731462331,Default,Longtail-Recharge
1214,103148731502331,Default,Longtail-Recharge
1215,103148731862331,Default,Longtail-Recharge
1216,103148732002331,Default,Longtail-Recharge
1217,103148732082331,Default,Longtail-Recharge
1218,103148732182331,Default,Longtail-Recharge
1219,103148732262331,Default,Longtail-Recharge
1220,103148732282331,Default,Longtail-Recharge
1221,103148732302331,Default,Longtail-Recharge
1222,103148732322331,Default,Longtail-Recharge
1223,103148732362331,Default,Longtail-Recharge
1224,103148732522331,Default,Longtail-Recharge
1225,103148732602331,Default,Longtail-Recharge
1226,103148732722331,Default,Longtail-Recharge
1227,103148732742331,Default,Longtail-Recharge
1228,103148732762331,Default,Longtail-Recharge
1229,103148732802331,Default,Longtail-Recharge
1230,103148732842331,Default,Longtail-Recharge
1231,103148732942331,Default,Longtail-Recharge
1232,103148733102331,Default,Longtail-Recharge
1233,103148733122331,Default,Longtail-Recharge
1234,103148733402331,Default,Longtail-Recharge
1235,103148733442331,Default,Longtail-Default
1236,103148733462331,Default,Longtail-Recharge
1237,103148733662331,Default,Longtail-Recharge
1238,103148733722331,Default,Longtail-Recharge
1239,103148733802331,Default,Longtail-Recharge
1240,103148733862331,Default,Longtail-Recharge
1241,103148734102331,Default,Longtail-Recharge
1242,103148734362331,Default,Longtail-Recharge
1243,103148734402331,Default,Longtail-Recharge
1244,103148734422331,Default,Longtail-Recharge
1245,103148734502331,Default,Longtail-Recharge
1246,103148734582331,Default,Longtail-Recharge
1247,103148734602331,Default,Longtail-Recharge
1248,103148734662331,Default,Longtail-Recharge
1249,103148734682331,Default,Longtail-Recharge
1250,103148734942331,Default,Longtail-Recharge
1251,103148735042331,Default,Longtail-Recharge
1252,103148735062331,Default,Longtail-Recharge
1253,103148735102331,Default,Longtail-Recharge
1254,103148735222331,Default,Longtail-Recharge
1255,103148735262331,Default,Longtail-Recharge
1256,103148735462331,Default,Longtail-Recharge
1257,103148735482331,Default,Longtail-Recharge
1258,103148735842331,Default,Longtail-Recharge
1259,103148735882331,Default,Longtail-Recharge
1260,103148735942331,Default,Longtail-Recharge
1261,103148736142331,Default,Longtail-Recharge
1262,103148736242331,Default,Longtail-Recharge
1263,103148736442331,Default,Longtail-Recharge
1264,103148736642331,Default,Longtail-Recharge
1265,103148736862331,Default,Longtail-Recharge
1266,103148737222331,Default,Longtail-Recharge
1267,103148737242331,Default,Longtail-Recharge
1268,103148737482331,Default,Longtail-Recharge
1269,103148737622331,Default,Longtail-Recharge
1270,103148737902331,Default,Longtail-Recharge
1271,103148737982331,Default,Longtail-Recharge
1272,103148738202331,Default,Longtail-Recharge
1273,103148738302331,Default,Longtail-Recharge
1274,103148738422331,Default,Longtail-Recharge
1275,103148738462331,Default,Longtail-Recharge
1276,103148738542331,Default,Longtail-Recharge
1277,103148738582331,Default,Longtail-Recharge
1278,103148738642331,Default,Longtail-Recharge
1279,103148738762331,Default,Longtail-Recharge
1280,103148738902331,Default,Longtail-Recharge
1281,103148738922331,Default,Longtail-Recharge
1282,103148739002331,Default,Longtail-Recharge
1283,103148739022331,Default,Longtail-Recharge
1284,103148739122331,Default,Longtail-Recharge
1285,103148739302331,Default,Longtail-Recharge
1286,103148739362331,Default,Longtail-Recharge
1287,103148739402331,Default,Longtail-Recharge
1288,103148739482331,Default,Longtail-Recharge
1289,103148739502331,Default,Longtail-Recharge
1290,103148739602331,Default,Longtail-Recharge
1291,103148739662331,Default,Longtail-Recharge
1292,103148739722331,Default,Longtail-Recharge
1293,103148739942331,Default,Longtail-Recharge
1294,103148740202331,Default,Longtail-Recharge
1295,103148740222331,Default,Longtail-Recharge
1296,103148740262331,Default,Longtail-Recharge
1297,103148740322331,Default,Longtail-Recharge
1298,103148740362331,Default,Longtail-Recharge
1299,103148740662331,Default,Longtail-Recharge
1300,103148740762331,,Longtail-Default
1301,103148741222331,Default,Longtail-Recharge
1302,103148741542331,Default,Longtail-Recharge
1303,103148741742331,Default,Longtail-Recharge
1304,103148741922331,Default,Longtail-Recharge
1305,103148742062331,Default,Longtail-Recharge
1306,103148742122331,Default,Longtail-Recharge
1307,103148742162331,Default,Longtail-Recharge
1308,103148742202331,Default,Longtail-Recharge
1309,103148742242331,Default,Longtail-Recharge
1310,103148742342331,Default,Longtail-Recharge
1311,103148742442331,Default,Longtail-Recharge
1312,103148743002331,Default,Longtail-Recharge
1313,103148743022331,Default,Longtail-Recharge
1314,103148743202331,Default,Longtail-Recharge
1315,103148743222331,Default,Longtail-Recharge
1316,103148743542331,Default,Longtail-Recharge
1317,103148744102331,Default,Longtail-Recharge
1318,103148744122331,Default,Longtail-Recharge
1319,103148744282331,Default,Longtail-Recharge
1320,103148744422331,Default,Longtail-Recharge
1321,103148744462331,Default,Longtail-Recharge
1322,103148744862331,Default,Longtail-Recharge
1323,103148745342331,Default,Longtail-Recharge
1324,103148745402331,Default,Longtail-Recharge
1325,103148745422331,Default,Longtail-Recharge
1326,103148745522331,Default,Longtail-Recharge
1327,103148745642331,Default,Longtail-Recharge
1328,103148745862331,Default,Longtail-Recharge
1329,103148745882331,Default,Longtail-Recharge
1330,103148745902331,Default,Longtail-Recharge
1331,103148746002331,Default,Longtail-Recharge
1332,103148746162331,Default,Longtail-Recharge
1333,103148746182331,Default,Longtail-Recharge
1334,103148746222331,Default,Longtail-Recharge
1335,103148746262331,Default,Longtail-Recharge
1336,103148746302331,Default,Longtail-Recharge
1337,103148746402331,Default,Longtail-Recharge
1338,103148746522331,Default,Longtail-Recharge
1339,103148746622331,Default,Longtail-Recharge
1340,103148746682331,Default,Longtail-Recharge
1341,103148747282331,Default,Longtail-Recharge
1342,103148747302331,Default,Longtail-Recharge
1343,103148747402331,Default,Longtail-Recharge
1344,103148747422331,Default,Longtail-Recharge
1345,103148747562331,Default,Longtail-Recharge
1346,103148747722331,Default,Longtail-Recharge
1347,103148747862331,Default,Longtail-Recharge
1348,103148748302331,Default,Longtail-Recharge
1349,103148748382331,Default,Longtail-Recharge
1350,103148748502331,Default,Longtail-Recharge
1351,103148748662331,Default,Longtail-Default
1352,103148748722331,Default,Longtail-Recharge
1353,103148748802331,Default,Longtail-Recharge
1354,103148748842331,Default,Longtail-Recharge
1355,103148748902331,Default,Longtail-Recharge
1356,103148748922331,Default,Longtail-Recharge
1357,103148748962331,Default,Longtail-Recharge
1358,103148748982331,Default,Longtail-Recharge
1359,103148749162331,Default,Longtail-Recharge
1360,103148749322331,Default,Longtail-Recharge
1361,103148749382331,Default,Longtail-Recharge
1362,103148749482331,Default,Longtail-Recharge
1363,103148749522331,Default,Longtail-Recharge
1364,103148749842331,Default,Longtail-Recharge
1365,103148750002331,Default,Longtail-Recharge
1366,103148750162331,Default,Longtail-Recharge
1367,103148750242331,Default,Longtail-Recharge
1368,103148750322331,Default,Longtail-Recharge
1369,103148750362331,Default,Longtail-Recharge
1370,103148750402331,Default,Longtail-Recharge
1371,103148750442331,Default,Longtail-Recharge
1372,103148750522331,Default,Longtail-Recharge
1373,103148750702331,Default,Longtail-Recharge
1374,103148750762331,Default,Longtail-Recharge
1375,103148750862331,Default,Longtail-Recharge
1376,103148750922331,Default,Longtail-Recharge
1377,103148750962331,Default,Longtail-Recharge
1378,103148751042331,Default,Longtail-Recharge
1379,103148751122331,Default,Longtail-Recharge
1380,103148751202331,Default,Longtail-Recharge
1381,103148751302331,Default,Longtail-Recharge
1382,103148751342331,Default,Longtail-Recharge
1383,103148751622331,Default,Longtail-Recharge
1384,103148751642331,Default,Longtail-Recharge
1385,103148751902331,Default,Longtail-Recharge
1386,103148752022331,Default,Longtail-Recharge
1387,103148752442331,Default,Longtail-Recharge
1388,103148752482331,Default,Longtail-Recharge
1389,103148752582331,Default,Longtail-Recharge
1390,103148752762331,Default,Longtail-Default
1391,103148752822331,Default,Longtail-Recharge
1392,103148753062331,Default,Longtail-Recharge
1393,103148753122331,Default,Longtail-Recharge
1394,103148753222331,Default,Longtail-Recharge
1395,103148753442331,Default,Longtail-Recharge
1396,103148753562331,Default,Longtail-Recharge
1397,103148753582331,Default,Longtail-Recharge
1398,103148753682331,Default,Longtail-Recharge
1399,103148753942331,Default,Longtail-Recharge
1400,103148753982331,Default,Longtail-Recharge
1401,103148754002331,Default,Longtail-Recharge
1402,103148754102331,Default,Longtail-Recharge
1403,103148754162331,Default,Longtail-Recharge
1404,103148754302331,Default,Longtail-Recharge
1405,103148754382331,Default,Longtail-Recharge
1406,103148754462331,Default,Longtail-Recharge
1407,103148754502331,Default,Longtail-Recharge
1408,103148754542331,Default,Longtail-Recharge
1409,103148754582331,Default,Longtail-Recharge
1410,103148754782331,Default,Longtail-Recharge
1411,103148754802331,Default,Longtail-Recharge
1412,103148754962331,Default,Longtail-Recharge
1413,103148755002331,Default,Longtail-Recharge
1414,103148755082331,Default,Longtail-Recharge
1415,103148755362331,Default,Longtail-Recharge
1416,103148755402331,Default,Longtail-Recharge
1417,103148755462331,Default,Longtail-Recharge
1418,103148755482331,Default,Longtail-Recharge
1419,103148755542331,Default,Longtail-Recharge
1420,103148755582331,Default,Longtail-Recharge
1421,103148755822331,Default,Longtail-Recharge
1422,103148755842331,Default,Longtail-Recharge
1423,103148755882331,Default,Longtail-Recharge
1424,103148755922331,Default,Longtail-Recharge
1425,103148755942331,Default,Longtail-Recharge
1426,103148755982331,Default,Longtail-Recharge
1427,103148756062331,Default,Longtail-Recharge
1428,103148756102331,Default,Longtail-Recharge
1429,103148756202331,Default,Longtail-Recharge
1430,103148756222331,Default,Longtail-Recharge
1431,103148756282331,Default,Longtail-Recharge
1432,103148756342331,Default,Longtail-Recharge
1433,103148756462331,Default,Longtail-Recharge
1434,103148756782331,Default,Longtail-Recharge
1435,103148756822331,Default,Longtail-Recharge
1436,103148756882331,Default,Longtail-Recharge
1437,103148756902331,Default,Longtail-Recharge
1438,103148757182331,Default,Wallet-Default
1439,103148757362331,Default,Longtail-Recharge
1440,103148757442331,Default,Longtail-Recharge
1441,103148757542331,Default,Longtail-Recharge
1442,103148757702331,Default,Longtail-Recharge
1443,103148757842331,Default,Longtail-Recharge
1444,103148758002331,Default,Longtail-Recharge
1445,103148758082331,Default,Longtail-Recharge
1446,103148758162331,Default,Longtail-Recharge
1447,103148758182331,Default,Longtail-Recharge
1448,103148758202331,Default,Longtail-Recharge
1449,103148758522331,Default,Longtail-Recharge
1450,103148758742331,Default,Longtail-Recharge
1451,103148758802331,Default,Longtail-Recharge
1452,103148758982331,Default,Longtail-Recharge
1453,103148759002331,Default,Longtail-Default
1454,103148759042331,Default,Longtail-Recharge
1455,103148759062331,Default,Longtail-Recharge
1456,103148759102331,Default,Longtail-Recharge
1457,103148759262331,Default,Longtail-Recharge
1458,103148759322331,Default,Longtail-Recharge
1459,103148759342331,Default,Longtail-Recharge
1460,103148759442331,Default,Longtail-Recharge
1461,103148759462331,Default,Longtail-Recharge
1462,103148759482331,Default,Longtail-Recharge
1463,103148759582331,Default,Longtail-Recharge
1464,103148759622331,Default,Longtail-Recharge
1465,103148759662331,Default,Longtail-Recharge
1466,103148759762331,,Longtail-Default
1467,103148760162331,Default,Longtail-Recharge
1468,103148760182331,Default,Longtail-Recharge
1469,103148760202331,Default,Longtail-Recharge
1470,103148760242331,Default,Longtail-Recharge
1471,103148760282331,Default,Longtail-Recharge
1472,103148760502331,Default,Longtail-Recharge
1473,103148760642331,Default,Longtail-Recharge
1474,103148760742331,Default,Longtail-Recharge
1475,103148760862331,Default,Longtail-Recharge
1476,103148760962331,Default,Longtail-Recharge
1477,103148760982331,Default,Longtail-Recharge
1478,103148761042331,Default,Longtail-Recharge
1479,103148761162331,Default,Longtail-Recharge
1480,103148761342331,Default,Longtail-Recharge
1481,103148761402331,Default,Longtail-Recharge
1482,103148761422331,Default,Longtail-Recharge
1483,103148761502331,Default,Longtail-Recharge
1484,103148761562331,Default,Wallet-Default
1485,103148761682331,Default,Longtail-Recharge
1486,103148761782331,Default,Longtail-Recharge
1487,103148762042331,Default,Longtail-Recharge
1488,103148762082331,Default,Longtail-Recharge
1489,103148762142331,Default,Longtail-Recharge
1490,103148762222331,Default,Longtail-Recharge
1491,103148762342331,Default,Longtail-Recharge
1492,103148762542331,Default,Longtail-Recharge
1493,103148762602331,Default,Longtail-Recharge
1494,103148762762331,Default,Longtail-Recharge
1495,103148762782331,Default,Longtail-Recharge
1496,103148763042331,Default,Longtail-Recharge
1497,103148763102331,Default,Longtail-Recharge
1498,103148763162331,Default,Longtail-Recharge
1499,103148763262331,Default,Longtail-Recharge
1500,103148763422331,Default,Longtail-Recharge
1501,103148763562331,Default,Longtail-Recharge
1502,103148763642331,Default,Longtail-Recharge
1503,103148763722331,Default,Longtail-Recharge
1504,103148763922331,Default,Longtail-Recharge
1505,103148764302331,Default,Longtail-Recharge
1506,103148764442331,Default,Longtail-Recharge
1507,103148764582331,Default,Longtail-Recharge
1508,103148764802331,Default,Longtail-Recharge
1509,103148765502331,Default,Longtail-Recharge
1510,103148766242331,Default,Longtail-Default
1511,103148766322331,Default,Longtail-Recharge
1512,103148769382331,Default,Longtail-Recharge
1513,103148769622331,Entertainment,Wallet-Default
1514,103148769642331,Default,Longtail-Recharge
1515,103148769982331,Default,Longtail-Recharge
1516,103148770102331,Default,Longtail-Recharge
1517,103148770622331,Default,Longtail-Recharge
1518,103148770682331,Default,Longtail-Recharge
1519,103148771222331,Default,Longtail-Recharge
1520,103148771342331,Default,Longtail-Recharge
1521,103148771842331,Default,Longtail-Recharge
1522,103148772542331,Default,Longtail-Recharge
1523,103148773462331,Default,Longtail-Recharge
1524,103148774622331,Default,Longtail-Recharge
1525,103148777422331,Default,Longtail-Recharge
1526,103148779802331,Default,Longtail-Recharge
1527,103148782302331,Default,Longtail-Recharge
1528,103148782762331,Default,Longtail-Default
1529,103148783862331,Default,Longtail-Recharge
1530,103148784002331,Default,Longtail-Recharge
1531,103148784702331,Default,Longtail-Recharge
1532,103148786082331,Default,Compulsive-Education
1533,103148788222331,Default,Longtail-Recharge
1534,103148789302331,Travel,Wallet-Default
1535,103148790102331,Default,Longtail-Recharge
1536,103148790182331,Default,Longtail-Recharge
1537,103148790242331,Default,Longtail-Recharge
1538,103148790702331,Default,Longtail-Recharge
1539,103148790842331,Default,Longtail-Recharge
1540,103148790962331,Default,Longtail-Recharge
1541,103148791922331,Default,Longtail-Recharge
1542,103148792982331,Default,Longtail-Recharge
1543,103148794542331,Default,Longtail-Recharge
1544,103148796522331,Default,Wallet-Default
1545,103148797602331,Default,Longtail-Default
1546,103148798662331,Default,Longtail-Recharge
1547,103148801922331,Default,Longtail-Recharge
1548,103148802362331,Default,Longtail-Recharge
1549,103148802542331,Default,Wallet-Default
1550,103148804522331,Default,Longtail-Recharge
1551,103148804922331,Default,Longtail-Default
1552,103148806182331,Default,Longtail-Recharge
1553,103148806702331,Default,Longtail-Default
1554,103148807562331,Default,Longtail-Recharge
1555,103148810062331,Default,Longtail-Recharge
1556,103148816202331,Default,Longtail-Recharge
1557,103148817202331,Default,Longtail-Default
1558,103148819042331,Default,Longtail-Recharge
1559,103148822202331,Default,Longtail-Recharge
1560,103148823082331,Default,Longtail-Recharge
1561,103148824202331,Default,Longtail-Recharge
1562,103148828242331,Default,Wallet-Default
1563,103148833262331,Default,Longtail-Recharge
1564,103148837062331,Default,Longtail-Recharge
1565,103148839062331,Default,Compulsive-Others
1566,103148841942331,Default,Longtail-Recharge
1567,103148844602331,Default,Longtail-Recharge
1568,103148851182331,Default,Longtail-Recharge
1569,103148859222331,Default,Longtail-Recharge
1570,103148860522331,Default,Longtail-Recharge
1571,103148860562331,Default,Longtail-Recharge
1572,103148863562331,Food,Wallet-Default
1573,103148865582331,Default,Longtail-Recharge
1574,103148869982331,Default,Wallet-Default
1575,103148872482331,Default,Compulsive-Education
1576,103148874142331,Travel,Wallet-Default
1577,103148874342331,ecommerce,Wallet-Default
1578,103148874402331,Default,Wallet-Default
1579,103148874482331,Default,Wallet-Default
1580,103148874702331,Default,Wallet-Default
1581,103148875102331,School fees,Compulsive-Education
1582,103148876522331,Default,Longtail-Recharge
1583,103148877542331,Default,Longtail-Recharge
1584,103148877862331,Default,Longtail-Default
1585,103148879922331,Default,Longtail-Recharge
1586,103148883022331,Default,Longtail-Recharge
1587,103148888142331,Default,Longtail-Recharge
1588,103148890062331,Default,Longtail-Recharge
1589,103148895462331,Default,Longtail-Recharge
1590,103148909942331,Default,Longtail-Recharge
1591,103148916762331,Default,Longtail-Recharge
1592,103148926082331,Default,Wallet-Default
1593,103148930302331,Default,Longtail-Recharge
1594,103148936482331,Default,Longtail-Recharge
1595,103148939122331,Default,Longtail-Recharge
1596,103148948322331,Default,Longtail-Recharge
1597,103148949562331,Default,Longtail-Recharge
1598,103148950642331,Default,Wallet-Default
1599,103148951922331,Default,Wallet-Default
1600,103148952662331,Default,Longtail-Recharge
1601,103148956222331,Default,Longtail-Recharge
1602,103148957762331,Default,Longtail-Default
1603,103148958562331,Default,Compulsive-Education
1604,103148959442331,Default,Wallet-Default
1605,103148959902331,Default,Wallet-Default
1606,103148963602331,ecommerce,Wallet-Default
1607,103148963922331,Default,Longtail-Recharge
1608,103148965562331,ecommerce,Wallet-Default
1609,103148968802331,ecommerce,Wallet-Default
1610,103148974822331,Default,Wallet-Default
1611,103148979962331,Default,Longtail-Recharge
1612,103148982642331,Default,Longtail-Recharge
1613,103148999562331,Default,Longtail-Recharge
1614,103149000062331,Default,Wallet-Default
1615,103149003822331,Default,Wallet-Default
1616,103149008322331,Default,Longtail-Recharge
1617,103149010142331,ecommerce,Wallet-Default
1618,103149010362331,Default,Longtail-Recharge
1619,103149015802331,Default,Longtail-Recharge
1620,103149016942331,Default,Longtail-Recharge
1621,103149017822331,Default,Wallet-Default
1622,103149022402331,Default,Wallet-Default
1623,103149027742331,Default,Wallet-Default
1624,103149041782331,Default,Longtail-Default
1625,103149047402331,Default,Wallet-Default
1626,103149059462331,Default,Longtail-Recharge
1627,103149067622331,Default,Longtail-Recharge
1628,103149071342331,Default,Longtail-Recharge
1629,103149075322331,Default,Compulsive-Education
1630,103149078322331,Default,Longtail-Recharge
1631,103149085042331,Default,Longtail-Recharge
1632,103149087222331,Default,Compulsive-Govt
1633,103149087382331,Default,Compulsive-Govt
1634,103149087422331,Default,Compulsive-Govt
1635,103149087482331,Default,Compulsive-Govt
1636,103149087562331,Default,Compulsive-Govt
1637,103149095142331,Default,Compulsive-Education
1638,103149098222331,Default,Longtail-Recharge
1639,103149098902331,Default,Longtail-Recharge
1640,103149099982331,Default,Longtail-Recharge
1641,103149102582331,Default,Wallet-Default
1642,103149109742331,Default,Longtail-Recharge
1643,103149111022331,Default,Longtail-Recharge
1644,103149114042331,Default,Longtail-Recharge
1645,103149117142331,Default,Longtail-Recharge
1646,103149117522331,Default,Longtail-Recharge
1647,103149119822331,Default,Longtail-Recharge
1648,103149123462331,Default,Longtail-Recharge
1649,103149125662331,Default,Longtail-Recharge
1650,103149130902331,Default,Longtail-Recharge
1651,103149136982331,Default,Longtail-Recharge
1652,103149137562331,Default,Longtail-Default
1653,103149137882331,Default,Wallet-Default
1654,103149138022331,Default,Wallet-Default
1655,103149138362331,Default,Longtail-Recharge
1656,103149146262331,Default,Longtail-Recharge
1657,103149154962331,Default,Longtail-Recharge
1658,103149155602331,Default,Compulsive-Education
1659,103149156802331,Default,Longtail-Default
1660,103149163842331,Default,Longtail-Recharge
1661,103149164422331,Default,Longtail-Recharge
1662,103149170062331,Default,Wallet-Default
1663,103149172982331,,Longtail-Default
1664,103149176862331,Default,Longtail-Recharge
1665,103149184762331,Default,Longtail-Recharge
1666,103149189302331,Default,Longtail-Recharge
1667,103149189602331,Default,Longtail-Recharge
1668,103149193062331,entertainment,Wallet-Default
1669,103149195442331,Default,Longtail-Recharge
1670,103149197822331,Default,Longtail-Default
1671,103149205682331,Default,Longtail-Recharge
1672,103149224442331,Default,Longtail-Recharge
1673,103149239102331,Default,Compulsive-Education
1674,103149245822331,Default,Longtail-Recharge
1675,103149246822331,Default,Longtail-Recharge
1676,103149249542331,Default,Longtail-Recharge
1677,103149250162331,Default,Wallet-Default
1678,103149256122331,Default,Longtail-Recharge
1679,103149267242331,Default,Longtail-Recharge
1680,103149274422331,Default,Longtail-Recharge
1681,103149275882331,Default,Compulsive-Govt
1682,103149276142331,Default,Longtail-Recharge
1683,103149277382331,Default,Longtail-Recharge
1684,103149283682331,Default,Longtail-Recharge
1685,103149284122331,Default,Wallet-Default
1686,103149286462331,Default,Wallet-Default
1687,103149286902331,Default,Longtail-Recharge
1688,103149294142331,,Longtail-Default
1689,103149312442331,Default,Longtail-Recharge
1690,103149326942331,Default,Longtail-Recharge
1691,103149330982331,Default,Longtail-Recharge
1692,103149335662331,Default,Longtail-Recharge
1693,103149342722331,Default,Longtail-Recharge
1694,103149381562331,Default,Longtail-Recharge
1695,103149381962331,Default,Longtail-Recharge
1696,103149383762331,Default,Longtail-Recharge
1697,103149389842331,Default,Compulsive-Education
1698,103149390222331,Default,Longtail-Default
1699,103149398602331,ecommerce,Wallet-Default
1700,103149402542331,,Longtail-Default
1701,103149415802331,Default,Compulsive-Govt
1702,103149423662331,,Longtail-Default
1703,103149425162331,Default,Longtail-Recharge
1704,103149428242331,Default,Longtail-Recharge
1705,103149430842331,Default,Longtail-Default
1706,103149432922331,Default,Longtail-Recharge
1707,103149437122331,Default,Longtail-Recharge
1708,103149438042331,Default,Longtail-Default
1709,103149444962331,Default,Wallet-Default
1710,103149445102331,Default,Wallet-Default
1711,103149445622331,Default,Wallet-Default
1712,103149446582331,Default,Wallet-Default
1713,103149446662331,Default,Wallet-Default
1714,103149451022331,Default,Wallet-Default
1715,103149452262331,Default,Longtail-Recharge
1716,103149462582331,Default,Longtail-Recharge
1717,103149469502331,Default,Wallet-Default
1718,103149473642331,Default,Longtail-Default
1719,103149475742331,Default,Longtail-Recharge
1720,103149476462331,Default,Longtail-Recharge
1721,103149479162331,Electricity bill,Compulsive-Govt
1722,103149483062331,Default,Wallet-Default
1723,103149483802331,Default,Longtail-Recharge
1724,103149485602331,Default,Longtail-Recharge
1725,103149486342331,Default,Longtail-Recharge
1726,103149490622331,Default,Wallet-Default
1727,103149491502331,Default,Longtail-Recharge
1728,103149504502331,Default,Longtail-Recharge
1729,103149511842331,Default,Longtail-Recharge
1730,103149516342331,Default,Longtail-Recharge
1731,103149521402331,Default,Longtail-Recharge
1732,103149529982331,Default,Longtail-Recharge
1733,103149530562331,Default,Wallet-Default
1734,103149549362331,Default,Longtail-Recharge
1735,103149557822331,Default,Longtail-Default
1736,103149561522331,Default,Longtail-Recharge
1737,103149565062331,Gifts,Wallet-Default
1738,103149565102331,Default,Wallet-Default
1739,103149577342331,Default,Compulsive-Education
1740,103149579942331,Default,Longtail-Default
1741,103149584002331,Default,Longtail-Recharge
1742,103149587792331,Default,Longtail-Recharge
1743,103149587842331,Default,Compulsive-Education
1744,103149588222331,Default,Wallet-Default
1745,103149595802331,Default,Longtail-Recharge
1746,103149595862331,Default,Longtail-Default
1747,103149597302331,Default,Longtail-Recharge
1748,103149628122331,Default,Compulsive-Education
1749,103149630582331,Default,Longtail-Recharge
1750,103149630882331,Default,Longtail-Recharge
1751,103149637592331,Electricity bill,Compulsive-Govt
1752,103149639832331,Default,Longtail-Recharge
1753,103149642602331,Default,Longtail-Recharge
1754,103149654002331,Default,Longtail-Default
1755,103149655362331,Default,Longtail-Recharge
1756,103149657402331,Default,Longtail-Recharge
1757,103149659982331,Default,Longtail-Recharge
1758,103149661842331,Default,Longtail-Recharge
1759,103149667322331,Default,Compulsive-Govt
1760,103149668342331,Default,Longtail-Recharge
1761,103149679002331,Default,Wallet-Default
1762,103149679282331,Default,Wallet-Default
1763,103149679662331,Default,Wallet-Default
1764,103149680162331,Default,Wallet-Default
1765,103149693842331,Default,Longtail-Recharge
1766,103149695222331,Default,Wallet-Default
1767,103149702022331,Default,Longtail-Default
1768,103149707542331,Default,Longtail-Recharge
1769,103149716442331,Default,Longtail-Recharge
1770,103149725642331,Default,Longtail-Default
1771,103149731142331,Default,Longtail-Recharge
1772,103149760382331,Default,Wallet-Default
1773,103149761022331,Default,Longtail-Default
1774,103149768642331,Default,Longtail-Default
1775,103149772342331,Default,Wallet-Default
1776,103149772522331,Default,Longtail-Default
1777,103149786582331,Default,Longtail-Recharge
1778,103149793422331,Default,Wallet-Default
1779,103149794942331,Default,Longtail-Recharge
1780,103149796342331,Default,Longtail-Recharge
1781,103149797922331,Default,Wallet-Default
1782,103149813102331,,Longtail-Default
1783,103149820662331,Default,Longtail-Default
1784,103149854662331,Default,Longtail-Default
1785,103149855102331,Default,Longtail-Default
1786,103149892222331,Default,Longtail-Default
1787,103149892342331,Default,Longtail-Default
1788,103149894382331,Default,Compulsive-Education
1789,103149904882331,Default,Longtail-Default
1790,103149906162331,Default,Compulsive-Others
1791,103149907182331,Default,Longtail-Default
1792,103149916342331,Default,Compulsive-Education
1793,103149917222331,Default,Longtail-Default
1794,103149918222331,Default,Longtail-Default
1795,103149928562331,Default,Wallet-Default
1796,103149937882331,Default,Longtail-Default
1797,103149939722331,Default,Wallet-Default
1798,103149941102331,Default,Wallet-Default
1799,103149941182331,Default,Longtail-Default
1800,103149949022331,Default,Wallet-Default
1801,103149988362331,Default,Longtail-Default
1802,103149988382331,Default,Longtail-Default
1803,103149990722331,Default,Longtail-Default
1804,103149992142331,Default,Longtail-Default
1805,103149994682331,Default,Longtail-Default
1806,103149998042331,Default,Longtail-Default
1807,103150021362331,Default,Longtail-Default
1808,103150024442331,Default,Longtail-Default
1809,103150034542331,Default,Wallet-Default
1810,103150079322331,Default,Compulsive-Education
1811,103150099542331,,Longtail-Default
1812,103150100222331,,Longtail-Default
1813,103150100662331,,Wallet-Default
1814,103150119742331,,Longtail-Default
1815,103150183522331,,Wallet-Default
1816,103150199902331,,Wallet-Default
1817,103150203102331,,Longtail-Default
1818,103150209722331,,Longtail-Default
1819,103150211722331,,Wallet-Default
1820,103150212602331,,Longtail-Default
1821,103150226002331,,Longtail-Default
1822,103150227502331,,Longtail-Default
1823,103150237742331,,Longtail-Default
1824,103150241142331,,Longtail-Default
1825,103150241382331,,Longtail-Default
1826,103150259262331,,Longtail-Default
1827,103150275002331,,Compulsive-Others
1828,103150305422331,,Longtail-Default
1829,103150308502331,,Compulsive-Education
1830,103150309482331,,Longtail-Default
1831,103150329362331,,Longtail-Default
1832,103150336122331,,Longtail-Default
1833,103150337802331,,Longtail-Default
1834,103150344042331,,Longtail-Default
1835,103150346422331,,Wallet-Default
1836,103150346922331,,Longtail-Default
1837,103150358382331,,Longtail-Default
1838,103150362222331,,Longtail-Default
1839,103150382422331,,Wallet-Default
1840,103150391862331,,Longtail-Default
1841,103150400042331,,Wallet-Default
1842,103150424282331,,Longtail-Default
1843,103150438222331,,Longtail-Default
1844,103150445102331,,Longtail-Default
1845,103150452042331,,Longtail-Default
1846,103150453502331,,Longtail-Default
1847,103150459942331,,Compulsive-Govt
1848,103150460182331,,Longtail-Default
1849,103150468462331,,Longtail-Default
1850,103150468882331,,Wallet-Default
1851,103150493822331,,Wallet-Default
1852,103150506762331,,Compulsive-Govt
1853,103150507382331,,Wallet-Default
1854,103150515662331,,Wallet-Default
1855,103150515682331,,Wallet-Default
1856,103150541242331,,Wallet-Default
1857,103150546222331,,Longtail-Default
1858,103150555682331,,Compulsive-Education
1859,103150561422331,,Wallet-Default
1860,103150593642331,,Longtail-Default
1861,103150626022331,,Wallet-Default
1862,103150642662331,,Compulsive-Society
1863,103150645262331,,Longtail-Default
1864,103150650782331,,Longtail-Default
1865,103150657242331,,Longtail-Default
1866,103150666002331,,Longtail-Default
1867,103150680062331,,Longtail-Default
1868,103150690542331,,Wallet-Default
1869,103150703782331,,Longtail-Default
1870,103150711602331,,Longtail-Default
1871,103150730942331,,Longtail-Default
1872,103150733622331,,Longtail-Default
1873,103150809962331,,Longtail-Default
1874,103150861102331,,Longtail-Default
